Tarih,Fiyat,Tedavüldeki Pay Sayısı,Kişi Sayısı,size_bn,flow_bn,valuation_bn
2026-01-02,2965.6816,11903840,43228,35.303,,
2026-01-05,2988.8175,13019062,40082,38.9116,3.3332,0.2754
2026-01-06,3017.8632,13264307,40441,40.0299,0.7401,0.3781
2026-01-07,3038.1168,14217306,42373,43.1938,2.8953,0.2687
2026-01-08,3064.113,14557141,43389,44.6047,1.0413,0.3696
2026-01-09,3073.0535,14726280,44002,45.2546,0.5198,0.1301
2026-01-12,3107.8392,14781761,44401,45.9393,0.1724,0.5123
2026-01-13,3120.3805,14858910,44560,46.3655,0.2407,0.1854
2026-01-14,3124.8333,15032828,45279,46.9751,0.5435,0.0662
2026-01-15,3124.8691,15169485,45838,47.4027,0.427,0.0005
2026-01-16,3158.0947,15201451,46183,48.0076,0.101,0.504
2026-01-19,3199.2204,15161996,46336,48.5066,-0.1262,0.6252
2026-01-20,3220.5437,15178802,46317,48.884,0.0541,0.3233
2026-01-21,3232.9954,15289637,46909,49.4313,0.3583,0.189
2026-01-22,3266.1932,15417557,47531,50.3567,0.4178,0.5076
2026-01-23,3251.928,15474175,47975,50.3209,0.1841,-0.2199
2026-01-26,3242.2602,15640020,48335,50.709,0.5377,-0.1496
2026-01-27,3272.6298,15428152,48586,50.4906,-0.6934,0.475
2026-01-28,3287.6196,15060734,48725,49.514,-1.2079,0.2313
2026-01-29,3353.8213,15005883,47910,50.327,-0.184,0.997
2026-01-30,3393.5794,15050900,47788,51.0764,0.1528,0.5966
2026-02-02,3385.7576,15180584,48044,51.3978,0.4391,-0.1177
2026-02-03,3395.3036,15299476,48355,51.9464,0.4037,0.1449
2026-02-04,3404.0677,15266404,48705,51.9679,-0.1126,0.1341
2026-02-05,3426.4571,15307649,48884,52.451,0.1413,0.3418
2026-02-06,3407.7205,15320643,49129,52.2085,0.0443,-0.2868
2026-02-09,3415.8961,15473102,49476,52.8545,0.5208,0.1253
2026-02-10,3454.7462,14622070,49679,50.5155,-2.9401,0.6011
2026-02-11,3466.2299,14595925,49916,50.5928,-0.0906,0.1679
2026-02-12,3485.6594,14672711,50016,51.1441,0.2676,0.2836
2026-02-13,3553.4754,14679474,50310,52.1632,0.024,0.995
2026-02-16,3571.21,14681615,50652,52.4311,0.0076,0.2603
2026-02-17,3606.2798,14684189,50922,52.9553,0.0093,0.5149
2026-02-18,3626.3414,14805819,51650,53.691,0.4411,0.2946
2026-02-19,3667.6119,14956135,52214,54.8533,0.5513,0.611
2026-02-20,3616.1181,15065801,52807,54.4797,0.3966,-0.7701
2026-02-23,3648.3693,15241207,53433,55.6056,0.6399,0.4859
2026-02-24,3816.5065,15176201,53661,57.9201,-0.2481,2.5626
2026-02-25,3886.6184,15230264,53921,59.1942,0.2101,1.064
2026-02-26,3821.6071,15453904,54538,59.0587,0.8547,-0.9901
2026-02-27,3899.4524,15542482,55293,60.6072,0.3454,1.203
2026-03-02,3934.2343,15660194,55717,61.6109,0.4631,0.5406
2026-03-03,3904.5251,15743660,56165,61.4715,0.3259,-0.4653
2026-03-04,3926.1829,15192395,56668,59.6481,-2.1644,0.341
2026-03-05,3992.6878,15299924,55923,61.0878,0.4293,1.0104
2026-03-06,4139.273,15379597,56173,63.6604,0.3298,2.2427
2026-03-09,4157.9093,15746950,57159,65.4744,1.5274,0.2866
2026-03-10,4141.572,15982945,58230,66.1945,0.9774,-0.2573
2026-03-11,4269.9297,16280896,59559,69.5183,1.2722,2.0515
2026-03-12,4308.71,16514225,60482,71.155,1.0053,0.6314
2026-03-13,4321.2931,16959297,61759,73.2861,1.9233,0.2078
2026-03-16,4296.7552,17390348,63133,74.7221,1.8521,-0.4161
2026-03-17,4288.2443,17536400,63914,75.2004,0.6263,-0.148
2026-03-18,4372.5631,17696637,65005,77.3797,0.7006,1.4786
2026-03-19,4430.3032,17852827,65345,79.0934,0.692,1.0218
2026-03-23,4443.1649,18019113,65894,80.0619,0.7388,0.2296
2026-03-24,4490.2026,18104621,66190,81.2934,0.3839,0.8476
2026-03-25,4533.9976,17919234,67144,81.2458,-0.8405,0.7929
2026-03-26,4581.3575,18387180,67851,84.2382,2.1438,0.8487
2026-03-27,4605.1449,19624486,68961,90.3736,5.698,0.4374
2026-03-30,4630.8146,20221959,70254,93.6441,2.7668,0.5038
2026-03-31,4638.0743,20256085,70964,93.9492,0.1583,0.1468
2026-04-01,4686.8369,20470542,71780,95.9421,1.0051,0.9877
2026-04-02,4718.0124,20673955,72471,97.54,0.9597,0.6382
2026-04-03,4737.7647,21114554,73483,100.0358,2.0875,0.4084
2026-04-06,4750.2696,21417714,74301,101.7399,1.4401,0.264
2026-04-07,4817.7959,21557527,74942,103.8598,0.6736,1.4463
2026-04-08,4817.2611,21772633,75979,104.8845,1.0362,-0.0115
2026-04-09,4891.1965,22104371,76856,108.1168,1.6226,1.6098
2026-04-10,4929.5652,22337858,77722,110.1159,1.151,0.8481
2026-04-13,4986.5601,22662735,78423,113.0091,1.62,1.2731
2026-04-14,4965.1527,22889832,79191,113.6515,1.1276,-0.4851
2026-04-15,5016.9998,23054437,80389,115.6641,0.8258,1.1868
2026-04-16,5030.5569,23239637,81135,116.9083,0.9317,0.3125
2026-04-17,5057.6757,23489547,81928,118.8025,1.264,0.6302
2026-04-20,5142.4184,23677624,82739,121.7602,0.9672,1.9906
2026-04-21,5087.7229,23815893,83330,121.1687,0.7035,-1.2951
2026-04-22,5099.6162,23888400,84328,121.8217,0.3698,0.2832
2026-04-24,5097.624,23379179,84446,119.1783,-2.5958,-0.0476
2026-04-27,5118.6607,23410498,83626,119.8304,0.1603,0.4918
2026-04-28,5216.3856,23026857,83519,120.117,-2.0012,2.2878
2026-04-29,5213.4876,22959538,82645,119.6993,-0.351,-0.0667
2026-04-30,5223.8124,23758768,82223,124.1113,4.175,0.2371
2026-05-04,5265.2267,23866815,82559,125.6642,0.5689,0.984
2026-05-05,5270.9889,23855986,82769,125.7446,-0.0571,0.1375
2026-05-06,5319.9371,23932375,83363,127.3187,0.4064,1.1677
2026-05-07,5381.651,24058399,83451,129.4739,0.6782,1.477
2026-05-08,5431.0884,23928325,83707,129.9568,-0.7064,1.1894
2026-05-11,5429.2549,24179040,84072,131.2742,1.3612,-0.0439
2026-05-12,5487.5037,24370711,84377,133.7344,1.0518,1.4084
2026-05-13,5508.7394,24170389,84799,133.1484,-1.1035,0.5175
2026-05-14,5489.5504,24310643,84776,133.4545,0.7699,-0.4638
2026-05-15,5407.9512,24412294,84928,132.0205,0.5497,-1.9837
2026-05-18,5488.8942,24582865,85009,134.9327,0.9362,1.976
2026-05-20,5516.3087,25591619,84837,141.1713,5.5646,0.6739
2026-05-21,5518.5132,25170950,83784,138.9062,-2.3215,0.0564
2026-05-22,5285.613,25117178,83179,132.7597,-0.2842,-5.8623
2026-05-25,5479.8107,25059862,82659,137.3233,-0.3141,4.8777
2026-05-26,5552.0627,24844353,82270,137.9374,-1.1965,1.8106
2026-06-01,5670.943,24874270,81249,141.0606,0.1697,2.9535
2026-06-02,5616.3233,24919732,80970,139.9573,0.2553,-1.3586
2026-06-03,5694.9689,25372532,82119,144.4958,2.5787,1.9598
2026-06-04,5781.7303,25791488,82679,149.1194,2.4223,2.2014
2026-06-05,5811.278,25918740,82825,150.621,0.7395,0.7621
2026-06-08,5821.3394,26231831,83239,152.7044,1.8226,0.2608
2026-06-09,5908.9736,26359157,83530,155.7556,0.7524,2.2988
2026-06-10,6009.3731,26274170,83924,157.8913,-0.5107,2.6464
2026-06-11,6063.5438,26361329,84183,159.8431,0.5285,1.4233
2026-06-12,6186.8184,26637234,84713,164.7997,1.707,3.2497
2026-06-15,6248.8833,26942156,85233,168.3584,1.9054,1.6532
2026-06-16,6449.1864,27283015,85760,175.9533,2.1983,5.3966
2026-06-17,6523.1441,27505406,86881,179.4217,1.4507,2.0178
2026-06-18,6493.1914,27868713,87909,180.9569,2.359,-0.8239
2026-06-19,6567.3299,28241249,88916,185.4696,2.4466,2.0661
2026-06-22,6538.8827,28363706,89485,185.4669,0.8007,-0.8034
2026-06-23,6640.0702,28403663,89666,188.6023,0.2653,2.8701
2026-06-24,6686.9308,28160633,90110,188.3082,-1.6251,1.331
2026-06-25,6714.6712,28569763,90095,191.8366,2.7472,0.7812
2026-06-26,6764.335,28826885,90503,194.9947,1.7393,1.4189
2026-06-29,6789.7363,28975239,91004,196.7342,1.0073,0.7322
2026-06-30,6926.2661,29074823,91173,201.38,0.6897,3.956
2026-07-01,6974.5561,29123272,91617,203.1219,0.3379,1.404
2026-07-02,7082.4126,29326300,92167,207.701,1.4379,3.1411
2026-07-03,7140.0279,29607979,93044,211.4018,2.0112,1.6896
2026-07-06,7161.1563,29894645,93910,214.0802,2.0529,0.6256
2026-07-07,7158.5491,30165414,94580,215.9406,1.9383,-0.0779
2026-07-08,7235.1792,30437581,95542,220.2214,1.9692,2.3116
2026-07-09,7258.5024,30440469,96021,220.9522,0.021,0.7099
2026-07-10,7277.904,30435119,96268,221.5039,-0.0389,0.5906
2026-07-13,7360.4374,30652347,96466,225.6147,1.5989,2.5119
2026-07-14,7369.5248,30711836,96686,226.3316,0.4384,0.2785
2026-07-16,7382.4021,30972137,97340,228.6488,1.9216,0.3955
2026-07-17,7453.919,31031433,97684,231.3058,0.442,2.215
2026-07-20,7457.4882,30984772,98350,231.0686,-0.348,0.1108
2026-07-21,7510.6475,30973723,98595,232.6327,-0.083,1.6471
2026-07-22,7389.3542,30691415,99099,226.7897,-2.0861,-3.7569
2026-07-23,7544.9278,30865061,98970,232.8747,1.3101,4.7748
2026-07-24,7561.7133,30062009,99051,227.3203,-6.0724,0.5181
2026-07-27,7611.7402,30100345,98455,229.116,0.2918,1.5039
2026-07-28,7730.5519,30040284,98583,232.228,-0.4643,3.5763
2026-07-29,7764.0418,29133372,98915,226.1927,-7.0413,1.006
2026-07-30,7731.5341,28946650,97411,223.802,-1.4436,-0.9471
2026-07-31,7817.6179,28540867,97269,223.1216,-3.1723,2.4918
2026-08-03,7882.3037,28179086,96829,222.1161,-2.8517,1.8462
2026-08-04,7940.3116,28180164,95992,223.7593,0.0086,1.6346
2026-08-05,8023.067,28708736,97092,230.3321,4.2408,2.3321
2026-08-06,8277.9219,29378276,98383,243.1911,5.5424,7.3166
2026-08-07,8333.5328,30157892,99770,251.3218,6.497,1.6338
2026-08-10,8403.4039,30664261,101266,257.6842,4.2552,2.1072
2026-08-11,8444.0459,31079976,102361,262.4407,3.5103,1.2463
2026-08-12,8458.6067,31509701,103933,266.5282,3.6349,0.4525
2026-08-13,8534.1104,32247735,105216,275.2057,6.2985,2.3791
2026-08-14,8591.5912,32421745,105962,278.5544,1.495,1.8536
2026-08-17,8611.7924,32781221,106539,282.3051,3.0957,0.655
2026-08-18,8690.3275,32196038,107078,279.7941,-5.0854,2.5745
2026-08-19,8733.1618,31419585,108156,274.3923,-6.7809,1.3791
2026-08-20,8819.3459,31615016,108848,278.8238,1.7236,2.7079
2026-08-21,8865.3298,31584133,109457,280.0038,-0.2738,1.4538
2026-08-24,8907.4113,31490105,109814,280.4953,-0.8375,1.3291
2026-08-25,8948.4813,31290750,109951,280.0047,-1.7839,1.2933
2026-08-26,9022.019,30049455,110539,271.1068,-11.199,2.3011
2026-08-27,9113.7967,29856339,110796,272.1046,-1.76,2.7579
2026-08-28,9140.0876,29868637,110917,273.002,0.1124,0.785
2026-08-31,9145.5808,29887510,111176,273.3386,0.1726,0.1641
2026-09-01,9200.3613,29214243,111462,268.7816,-6.1943,1.6373
2026-09-02,9293.9339,26825517,110993,249.3146,-22.2007,2.7337
2026-09-03,9348.2278,26875899,106658,251.242,0.471,1.4565
2026-09-04,9440.8339,26418106,106091,249.409,-4.3219,2.4889
2026-09-07,9495.638,26078554,105564,247.6325,-3.2243,1.4478
2026-09-08,9593.9051,25827776,104530,247.7892,-2.4059,2.5627
2026-09-09,9703.8109,25300577,103963,245.512,-5.1158,2.8386
2026-09-10,9770.1868,25118675,103220,245.4141,-1.7772,1.6793
2026-09-11,9805.3249,24765451,103022,242.8333,-3.4635,0.8826
2026-09-14,9965.2007,24514724,102683,244.2941,-2.4985,3.9594
2026-09-15,10133.5109,24394721,102462,247.2042,-1.2161,4.1261
2026-09-16,10308.9671,23632288,102616,243.6245,-7.8599,4.2802
