start,end,size_start,size_end,net_flow,valuation,price_chg_pct,units_chg_pct,investors_start,investors_end
2026-01-02,2026-01-30,35.3,51.08,9.51,6.27,14.43,26.44,43228,47788
2026-01-30,2026-02-27,51.08,60.61,1.91,7.63,14.91,3.27,47788,55293
2026-02-27,2026-03-31,60.61,93.95,21.01,12.33,18.94,30.33,55293,70964
2026-03-31,2026-04-30,93.95,124.11,17.17,12.99,12.63,17.29,70964,82223
2026-04-30,2026-05-29,124.11,137.94,5.9,7.92,6.28,4.57,82223,82270
2026-05-29,2026-06-30,137.94,201.38,26.45,36.99,24.75,17.03,82270,91173
2026-06-30,2026-07-31,201.38,223.12,-4.98,26.72,12.87,-1.84,91173,97269
2026-07-31,2026-08-31,223.12,273.34,10.01,40.2,16.99,4.72,97269,111176
2026-08-31,2026-09-16,273.34,243.62,-59.81,30.09,12.72,-20.93,111176,102616
